N,time,lambda,chain,IPR,norm
2000,0.0,1.5,fibonacci,0.00940313707633849,1.0
2000,1.0,1.5,fibonacci,0.009401945233736907,1.00000000000283
2000,1.0392556829367126,1.5,fibonacci,0.0094017782085476,1.0000000000030473
2000,1.080052374516253,1.5,fibonacci,0.009401587847540959,1.000000000002274
2000,1.1224505680853065,1.5,fibonacci,0.0094013710826122,1.0000000000003997
2000,1.1665131316981963,1.5,fibonacci,0.009401124503035575,0.9999999999978624
2000,1.2123054013376524,1.5,fibonacci,0.009400844333106416,0.9999999999957564
2000,1.2598952777950274,1.5,fibonacci,0.009400526412451742,0.9999999999955269
2000,1.3093533273536104,1.5,fibonacci,0.009400166180228247,0.9999999999978182
2000,1.3607528864243335,1.5,fibonacci,0.009399758664535957,0.9999999999999084
2000,1.4141701702890235,1.5,fibonacci,0.009399298483160245,1.0000000000000662
2000,1.4696843861124462,1.5,fibonacci,0.00939877985495013,0.9999999999998901
2000,1.5273778503907136,1.5,fibonacci,0.009398196619989314,1.0000000000000293
2000,1.587336111010209,1.5,fibonacci,0.009397542280067915,1.0000000000012303
2000,1.6496480740980204,1.5,fibonacci,0.009396810057888104,1.0000000000029141
2000,1.7144061358519709,1.5,fibonacci,0.009395992979568897,1.0000000000032034
2000,1.7817063195457306,1.5,fibonacci,0.009395083983855865,1.000000000000569
2000,1.8516484179121548,1.5,fibonacci,0.009394076061019893,0.9999999999962459
2000,1.9243361411159798,1.5,fibonacci,0.009392962423500618,0.9999999999949232
2000,1.9998772705352856,1.5,fibonacci,0.009391736708672271,0.9999999999991207
2000,2.0783838185797574,1.5,fibonacci,0.009390393213141422,1.0000000000000449
2000,2.159972194782718,1.5,fibonacci,0.009388927164164396,0.9999999999997697
2000,2.2447633784132237,1.5,fibonacci,0.009387335009414985,1.000000000001022
2000,2.332883097864157,1.5,fibonacci,0.009385614729444883,1.0000000000038325
2000,2.424462017082328,1.5,fibonacci,0.009383766156834308,1.000000000002833
2000,2.519635929317015,1.5,fibonacci,0.009381791284408324,0.9999999999961351
2000,2.618545958474233,1.5,fibonacci,0.009379694547709976,0.9999999999941193
2000,2.7213387683753076,1.5,fibonacci,0.009377483068681679,0.9999999999997923
2000,2.8281667802300325,1.5,fibonacci,0.009375166829226574,0.9999999999997246
2000,2.9391883986468863,1.5,fibonacci,0.009372758740771937,1.0000000000012321
2000,3.0545682465154322,1.5,fibonacci,0.009370274624008627,1.0000000000042464
2000,3.1744774091091927,1.5,fibonacci,0.009367733058740783,0.9999999999984746
2000,3.29909368777094,1.5,fibonacci,0.009365155079640069,0.9999999999935832
2000,3.428601863556586,1.5,fibonacci,0.009362563757184753,0.9999999999997982
2000,3.563193971228585,1.5,fibonacci,0.009359983641882829,0.9999999999997387
2000,3.70306958400514,1.5,fibonacci,0.009357439991623001,1.0000000000034013
2000,3.84843610948743,1.5,fibonacci,0.009354957847732255,0.9999999999991329
2000,3.9995090972036644,1.5,fibonacci,0.009352560740583932,0.999999999994858
2000,4.156512558225989,1.5,fibonacci,0.009350268907339842,0.9999999999997614
2000,4.319679297334174,1.5,fibonacci,0.009348096676943215,1.000000000001496
2000,4.489251258218605,1.5,fibonacci,0.009346048502063008,1.000000000002144
2000,4.6654798822344725,1.5,fibonacci,0.00934411312031156,0.9999999999933137
2000,4.848626481239081,1.5,fibonacci,0.009342255118739089,0.9999999999997052
2000,5.0389626250651505,1.5,fibonacci,0.00934040345319841,1.0000000000030247
2000,5.236770544204653,1.5,fibonacci,0.009338436709079457,0.9999999999985087
2000,5.442343548300267,1.5,fibonacci,0.009336165905185377,0.9999999999979297
2000,5.655986461065005,1.5,fibonacci,0.009333316763099288,0.9999999999996925
2000,5.878016072274912,1.5,fibonacci,0.009329515116855636,1.0000000000026315
2000,6.108761607505037,1.5,fibonacci,0.00932428088845143,0.9999999999957108
2000,6.348565216305217,1.5,fibonacci,0.009317037482095175,0.9999999999996037
2000,6.597782479539538,1.5,fibonacci,0.009307143524723756,1.0000000000003986
2000,6.85678293664174,1.5,fibonacci,0.009293952125515181,0.9999999999992102
2000,7.125950633568409,1.5,fibonacci,0.00927689789252461,1.0000000000026803
2000,7.405684692262437,1.5,fibonacci,0.009255604399986453,0.9999999999915571
2000,7.696399902471157,1.5,fibonacci,0.00922999554682833,0.9999999999990087
2000,7.99852733679671,1.5,fibonacci,0.009200385812804841,0.9999999999996942
2000,8.31251498989063,1.5,fibonacci,0.009167521381262873,0.9999999999992372
2000,8.638828442740447,1.5,fibonacci,0.009132548904154615,1.0000000000036253
2000,8.97795155303332,1.5,fibonacci,0.009096903670350681,0.999999999999037
2000,9.330387172620362,1.5,fibonacci,0.009062129431302272,1.0000000000046159
2000,9.69665789314552,1.5,fibonacci,0.009029658848713621,0.9999999999989159
2000,10.077306820944612,1.5,fibonacci,0.009000582842500004,1.0000000000013394
2000,10.472898382363585,1.5,fibonacci,0.008975415186900105,0.9999999999986141
2000,10.88401916069006,1.5,fibonacci,0.00895383636031471,0.9999999999920687
2000,11.311278765939214,1.5,fibonacci,0.008934430473970589,1.000000000001735
2000,11.755310738783693,1.5,fibonacci,0.008914549490828271,0.9999999999964846
2000,12.216773489967919,1.5,fibonacci,0.008890595742141114,1.000000000000637
2000,12.696351276599735,1.5,fibonacci,0.008859018122076503,0.9999999999991942
2000,13.19475521676706,1.5,fibonacci,0.008817966316090884,0.9999999999982037
2000,13.712724343984002,1.5,fibonacci,0.008768909238614685,0.9999999999911658
2000,14.251026703029977,1.5,fibonacci,0.008717112025759303,1.0000000000047116
2000,14.810460488806747,1.5,fibonacci,0.008670281985128335,0.9999999999982004
2000,15.391855229902054,1.5,fibonacci,0.008635849635511315,0.999999999998002
2000,15.99607301861487,1.5,fibonacci,0.008618184735139024,0.9999999999944296
2000,16.62400978926612,1.5,fibonacci,0.008616545115126998,0.9999999999886944
2000,17.276596646690354,1.5,fibonacci,0.008623690636877452,0.9999999999904515
2000,17.95480124687831,1.5,fibonacci,0.00862646178164653,0.9999999999958233
2000,18.65962923181746,1.5,fibonacci,0.008611797354171552,0.9999999999947291
2000,19.3921257206583,1.5,fibonacci,0.00857763621388368,0.999999999990405
2000,20.15337685941733,1.5,fibonacci,0.008538681070551793,0.9999999999857907
2000,20.944511431514698,1.5,fibonacci,0.00851803791616563,0.9999999999904613
2000,21.76670253153459,1.5,fibonacci,0.008531182839290873,0.999999999996825
2000,22.621169304690252,1.5,fibonacci,0.00857326746942055,0.999999999996413
2000,23.50917875457287,1.5,fibonacci,0.00861363428806846,1.0000000000006875
2000,24.43204762186488,1.5,fibonacci,0.008613973279618353,0.9999999999909366
2000,25.39114433680347,1.5,fibonacci,0.008572935076149873,0.9999999999956166
2000,26.387891048289333,1.5,fibonacci,0.00853797640234997,0.9999999999972017
2000,27.423765732649496,1.5,fibonacci,0.008554507220387296,0.9999999999955413
2000,28.500304385181067,1.5,fibonacci,0.008610803429732422,0.9999999999967708
2000,29.619103297725534,1.5,fibonacci,0.008629613217326993,0.9999999999953509
2000,30.781821425650786,1.5,fibonacci,0.00855920736926674,0.999999999991976
2000,31.99018284775064,1.5,fibonacci,0.008471005531254787,0.999999999994025
2000,33.2459793227094,1.5,fibonacci,0.008460989327346236,1.0000000000013807
2000,34.55107294592218,1.5,fibonacci,0.008487682865073216,0.9999999999948649
2000,35.90739891061053,1.5,fibonacci,0.008392442348135045,0.9999999999944276
2000,37.31696837732752,1.5,fibonacci,0.00818661097141794,0.9999999999932059
2000,38.78187145610722,1.5,fibonacci,0.008057787002411589,0.9999999999961946
2000,40.30428030568051,1.5,fibonacci,0.007967683191058436,0.9999999999981988
2000,41.88645235435271,1.5,fibonacci,0.007665707941304165,0.9999999999836691
2000,43.5307336473189,1.5,fibonacci,0.007267514266462307,0.9999999999917532
2000,45.23956232538053,1.5,fibonacci,0.00700667269866145,0.9999999999982597
2000,47.01547224022132,1.5,fibonacci,0.006672691564800334,0.9999999999859981
2000,48.86109671160326,1.5,fibonacci,0.006236733113987094,0.9999999999979338
2000,50.77917243205401,1.5,fibonacci,0.006030408864588292,0.9999999999896478
2000,52.77254352483538,1.5,fibonacci,0.005870497447148393,0.9999999999898106
2000,54.84416576121018,1.5,fibonacci,0.005683668537595521,0.9999999999889013
2000,56.99711094326075,1.5,fibonacci,0.00573388644922147,0.9999999999885082
2000,59.234571458758026,1.5,fibonacci,0.005743159842102982,0.9999999999945602
2000,61.559865014835076,1.5,fibonacci,0.0057893961154669524,0.9999999999767835
2000,63.97643955748427,1.5,fibonacci,0.0058622474991956025,0.9999999999907879
2000,66.48787838417263,1.5,fibonacci,0.00562909888612634,0.9999999999864603
2000,69.09790545715641,1.5,fibonacci,0.005394672252284241,0.9999999999757231
2000,71.8103909253735,1.5,fibonacci,0.004949003526824443,0.9999999999763568
2000,74.62935686310134,1.5,fibonacci,0.004690686944469225,0.9999999999762172
2000,77.55898323389002,1.5,fibonacci,0.004451305547059641,0.9999999999839952
2000,80.60361408861341,1.5,fibonacci,0.004431236704285274,0.9999999999830745
2000,83.76776400682915,1.5,fibonacci,0.004444553681368924,0.9999999999850914
2000,87.05612479099861,1.5,fibonacci,0.004570235287253051,0.9999999999822141
2000,90.47357242349293,1.5,fibonacci,0.004680911516605842,0.9999999999829836
2000,94.02517429670132,1.5,fibonacci,0.004714983603329864,0.9999999999835916
2000,97.71619672696177,1.5,fibonacci,0.004836875470162106,0.9999999999802281
2000,101.5521127634568,1.5,fibonacci,0.004745257082128795,0.9999999999710829
2000,105.5386103036523,1.5,fibonacci,0.004479575933697382,0.9999999999680073
2000,109.68160052731379,1.5,fibonacci,0.004321290120878847,0.9999999999779579
2000,113.98722666160513,1.5,fibonacci,0.004357581054501845,0.9999999999822217
2000,118.46187309026836,1.5,fibonacci,0.00458208974321114,0.9999999999761684
2000,123.11217482038896,1.5,fibonacci,0.004928471226273567,0.999999999975217
2000,127.94502732078735,1.5,fibonacci,0.004891793039502477,0.9999999999798512
2000,132.96759674662113,1.5,fibonacci,0.004498358102568607,0.999999999969371
2000,138.18733056536323,1.5,fibonacci,0.0043839906918283315,0.9999999999621091
2000,143.61196859990787,1.5,fibonacci,0.004634506558356945,0.9999999999554925
2000,149.2495545051829,1.5,fibonacci,0.005029349196493531,0.9999999999728778
2000,155.10844769528404,1.5,fibonacci,0.0053668452352531445,0.9999999999685826
2000,161.1973357388157,1.5,fibonacci,0.005487645505919525,0.9999999999718151
2000,167.52524724082156,1.5,fibonacci,0.005212017791323978,0.9999999999590428
2000,174.10156523040155,1.5,fibonacci,0.0051943149688906945,0.999999999953243
2000,180.93604107387165,1.5,fibonacci,0.005882074627250791,0.9999999999630306
2000,188.03880893409146,1.5,fibonacci,0.0059611437360700915,0.9999999999504285
2000,195.42040079740534,1.5,fibonacci,0.004934099236190624,0.999999999950682
2000,203.09176209047348,1.5,fibonacci,0.004728642381723878,0.9999999999681377
2000,211.06426791015548,1.5,fibonacci,0.004622070671566862,0.9999999999680318
2000,219.3497398905058,1.5,fibonacci,0.004280424144855994,0.99999999995419
2000,227.960463731898,1.5,fibonacci,0.0036993358702933922,0.9999999999406771
2000,236.9092074182632,1.5,fibonacci,0.0037249214639002493,0.9999999999525951
2000,246.20924014946254,1.5,fibonacci,0.004478294838267124,0.9999999999497637
2000,255.87435201685864,1.5,fibonacci,0.004507436018911713,0.9999999999436998
2000,265.91887445126935,1.5,fibonacci,0.005088633745826179,0.9999999999426706
2000,276.35770147361575,1.5,fibonacci,0.00461979825477177,0.999999999940916
2000,287.2063117797828,1.5,fibonacci,0.004609796100952588,0.9999999999487564
2000,298.48079169243243,1.5,fibonacci,0.005430755619571612,0.9999999999357015
2000,310.1978590138097,1.5,fibonacci,0.006796351528477764,0.9999999999421062
2000,322.37488781490305,1.5,fibonacci,0.008534248862006957,0.9999999999286674
2000,335.029934197723,1.5,fibonacci,0.007857561918535134,0.9999999999289235
2000,348.18176306889666,1.5,fibonacci,0.006571920045026265,0.9999999999255247
2000,361.84987596427464,1.5,fibonacci,0.005218374556015467,0.9999999999193959
2000,376.0545399658172,1.5,fibonacci,0.004516689998874597,0.999999999925546
2000,390.8168177536264,1.5,fibonacci,0.004603422338325967,0.999999999913753
2000,406.158598837698,1.5,fibonacci,0.004484710587940735,0.9999999999115403
2000,422.10263201568984,1.5,fibonacci,0.004835896428624598,0.9999999999177981
2000,438.6725591048499,1.5,fibonacci,0.005355440145083686,0.9999999999040765
2000,455.89294999810596,1.5,fibonacci,0.007767685120721401,0.999999999885075
2000,473.7893390963144,1.5,fibonacci,0.0075967250725528755,0.999999999893782
2000,492.38826317067367,1.5,fibonacci,0.005782537104381722,0.9999999998939595
2000,511.7173007114605,1.5,fibonacci,0.004238762950879634,0.9999999998905947
2000,531.8051128214197,1.5,fibonacci,0.004068124974249121,0.9999999998873697
2000,552.6814857144603,1.5,fibonacci,0.004243255060826445,0.9999999998709748
2000,574.3773748826582,1.5,fibonacci,0.004177043091903514,0.9999999998477165
2000,596.9249509970733,1.5,fibonacci,0.005786437990176011,0.9999999998442379
2000,620.3576476104269,1.5,fibonacci,0.008270774561666186,0.9999999998519117
2000,644.7102107323869,1.5,fibonacci,0.006032802039474201,0.9999999998419232
2000,670.0187503509584,1.5,fibonacci,0.004119317419184383,0.999999999837966
2000,696.3207939763884,1.5,fibonacci,0.003930399518679853,0.9999999998232534
2000,723.6553422869657,1.5,fibonacci,0.0048168600333132975,0.9999999998039036
2000,752.0629269592407,1.5,fibonacci,0.0038773464162941084,0.9999999998150461
2000,781.585670768409,1.5,fibonacci,0.004650698855555485,0.9999999998131595
2000,812.2673500479711,1.5,fibonacci,0.005118076911714997,0.9999999997758146
2000,844.1534596012984,1.5,fibonacci,0.00536169451866695,0.9999999997851178
2000,877.2912801613356,1.5,fibonacci,0.004917494599756634,0.99999999977842
2000,911.7299484984921,1.5,fibonacci,0.003693598848806323,0.9999999997497946
2000,947.5205302806538,1.5,fibonacci,0.0032710487522249368,0.9999999997323232
2000,984.7160957933775,1.5,fibonacci,0.0043914391670916405,0.9999999997426557
2000,1023.3717986325192,1.5,fibonacci,0.0034682781985214974,0.9999999997296651
2000,1063.5449574860113,1.5,fibonacci,0.003308694975349823,0.9999999996976906
2000,1105.295141126021,1.5,fibonacci,0.004853034301226706,0.9999999996996475
2000,1148.6842567375536,1.5,fibonacci,0.0038987552040421875,0.999999999683332
2000,1193.7766417144358,1.5,fibonacci,0.0037996304869225557,0.9999999996745503
2000,1240.6391590588319,1.5,fibonacci,0.0038879624122017064,0.9999999996590315
2000,1289.3412965257144,1.5,fibonacci,0.004314084112095282,0.9999999996436376
2000,1339.9552696593385,1.5,fibonacci,0.005353708103451322,0.9999999996278369
2000,1392.5561288744618,1.5,fibonacci,0.00431519957213316,0.9999999996247987
2000,1447.2218707411344,1.5,fibonacci,0.003601386848258101,0.9999999995939876
2000,1504.0335536380237,1.5,fibonacci,0.0046600003030299346,0.9999999995755876
2000,1563.0754179458158,1.5,fibonacci,0.004557732266680498,0.9999999995407532
2000,1624.4350109588654,1.5,fibonacci,0.004587498301346951,0.9999999995491279
2000,1688.2033167003628,1.5,fibonacci,0.003641333556546052,0.999999999513234
2000,1754.4748908334598,1.5,fibonacci,0.0040041676537363674,0.9999999994905927
2000,1823.3480008684405,1.5,fibonacci,0.004007072725579108,0.9999999994818642
2000,1894.9247718738216,1.5,fibonacci,0.00382089950617317,0.9999999994541533
2000,1969.3113379074218,1.5,fibonacci,0.0036779369697571094,0.9999999994265525
2000,2046.6179993919898,1.5,fibonacci,0.0033261068275364796,0.9999999993891265
2000,2126.9593866686896,1.5,fibonacci,0.003844496981302563,0.9999999993577233
2000,2210.4546299710214,1.5,fibonacci,0.004177132943549154,0.9999999993094735
2000,2297.227536071151,1.5,fibonacci,0.004190183524483456,0.9999999993025971
2000,2387.406771860647,1.5,fibonacci,0.003709783439744965,0.9999999992666528
2000,2481.1260551377677,1.5,fibonacci,0.0035718760942447954,0.9999999992295553
2000,2578.524352884274,1.5,fibonacci,0.0038838675071521723,0.9999999991868304
2000,2679.7460873256896,1.5,fibonacci,0.0038014553779473137,0.9999999991441278
2000,2784.941350080644,1.5,fibonacci,0.003312437672442846,0.9999999991223643
2000,2894.266124716749,1.5,fibonacci,0.003459054557245456,0.9999999990846316
2000,3007.882518043099,1.5,fibonacci,0.0031448864223230263,0.9999999990210398
2000,3125.959000482278,1.5,fibonacci,0.003147709194099434,0.9999999989974059
2000,3248.670655878375,1.5,fibonacci,0.0034418597899765428,0.9999999989577324
2000,3376.1994411113365,1.5,fibonacci,0.0034461884375046052,0.9999999989014869
2000,3508.7344559027115,1.5,fibonacci,0.004548807806386067,0.9999999988278221
2000,3646.472223212745,1.5,fibonacci,0.002988572666150777,0.9999999987984856
2000,3789.616980644716,1.5,fibonacci,0.0030905155591141476,0.9999999987433915
2000,3938.380983288489,1.5,fibonacci,0.0033695420076947143,0.9999999986853173
2000,4092.984818452438,1.5,fibonacci,0.0034408764821376235,0.9999999986256376
2000,4253.657732750387,1.5,fibonacci,0.0029507789378202943,0.9999999985639644
2000,4420.63797202853,1.5,fibonacci,0.003498458718807498,0.9999999984988266
2000,4594.173134636477,1.5,fibonacci,0.0032819060600503282,0.99999999843734
2000,4774.520538566127,1.5,fibonacci,0.004474378624750886,0.9999999983467114
2000,4961.947603002903,1.5,fibonacci,0.002830118630306112,0.9999999982773657
2000,5156.732244854963,1.5,fibonacci,0.0031589894935363954,0.9999999982152926
2000,5359.163290848514,1.5,fibonacci,0.003372656222555289,0.9999999981389411
2000,5569.5409058001305,1.5,fibonacci,0.003225025665944658,0.9999999980349267
2000,5788.1770377012745,1.5,fibonacci,0.003268531561214641,0.9999999979750614
2000,6015.395880274833,1.5,fibonacci,0.0034594356851950663,0.9999999978932083
2000,6251.534353689712,1.5,fibonacci,0.003718821021975431,0.9999999977816525
2000,6496.942604146118,1.5,fibonacci,0.00431762783567332,0.9999999976946898
2000,6751.984523072501,1.5,fibonacci,0.0034630548326336926,0.9999999976273357
2000,7017.038286703822,1.5,fibonacci,0.002848268199835238,0.9999999975288135
2000,7292.4969168414445,1.5,fibonacci,0.0033376348672577217,0.9999999974313438
2000,7578.768863625922,1.5,fibonacci,0.0032305237745139086,0.9999999973171959
2000,7876.278611187055,1.5,fibonacci,0.0033517574513429204,0.9999999972194499
2000,8185.4673070690205,1.5,fibonacci,0.0038636075660856846,0.9999999970911206
2000,8506.793416364153,1.5,fibonacci,0.0033871283830174083,0.9999999969856684
2000,8840.733401525064,1.5,fibonacci,0.003477282514834353,0.999999996843688
2000,9187.782428863331,1.5,fibonacci,0.0037383731851670567,0.9999999966806495
2000,9548.455102782293,1.5,fibonacci,0.0041395028201338885,0.9999999965211155
2000,9923.286228832545,1.5,fibonacci,0.003335947987816085,0.9999999963254336
2000,10312.831606721847,1.5,fibonacci,0.0037475500003448133,0.9999999960847918
2000,10717.668854455034,1.5,fibonacci,0.003098312762172334,0.9999999958298403
2000,11138.398264826183,1.5,fibonacci,0.003497458541497158,0.9999999955075269
2000,11575.643695533035,1.5,fibonacci,0.0026355840216590936,0.9999999950619828
2000,12030.053494233242,1.5,fibonacci,0.00302588780405736,0.9999999944592203
2000,12502.30145991456,1.5,fibonacci,0.002931520560052806,0.9999999937996399
2000,12993.087842004144,1.5,fibonacci,0.0032136961367442668,0.9999999930551019
2000,13503.140378698721,1.5,fibonacci,0.0027997204214660937,0.9999999919712089
2000,14033.215376054846,1.5,fibonacci,0.0028444914037559425,0.9999999905345219
2000,14584.098829439863,1.5,fibonacci,0.0028001520871248084,0.9999999890593672
2000,15156.607589006013,1.5,fibonacci,0.002722967891316847,0.9999999869333793
2000,15751.590570916213,1.5,fibonacci,0.0027185374298864225,0.9999999840264956
2000,16369.93001611702,1.5,fibonacci,0.0038671449062277724,0.9999999802938891
2000,17012.54279852589,1.5,fibonacci,0.0024880988091567705,0.9999999771559671
2000,17680.38178457205,1.5,fibonacci,0.002474259419691604,0.9999999725241866
2000,18374.43724610725,1.5,fibonacci,0.0025046481894058464,0.9999999676072936
2000,19095.738328780968,1.5,fibonacci,0.002583641579933726,0.9999999632792305
2000,19845.35457805803,1.5,fibonacci,0.00213253602864368,0.9999999572903021
2000,20624.397525140925,1.5,fibonacci,0.0023004998132455552,0.9999999506049765
2000,21434.022335148544,1.5,fibonacci,0.002557174217441911,0.9999999439777294
2000,22275.429519995563,1.5,fibonacci,0.002029612684259157,0.9999999361403736
2000,23149.86671851161,1.5,fibonacci,0.0020021838801332153,0.9999999274891997
2000,24058.63054644067,1.5,fibonacci,0.0020634613901309943,0.9999999171816387
2000,25003.068519063214,1.5,fibonacci,0.0023452002079035594,0.9999999081302317
2000,25984.581049292472,1.5,fibonacci,0.001959857822893564,0.9999998975781813
2000,27004.62352420682,1.5,fibonacci,0.001888773893663333,0.9999998862100874
2000,28064.708463098388,1.5,fibonacci,0.001864566770042412,0.9999998742232845
2000,29166.40776023701,1.5,fibonacci,0.0021305173844101454,0.9999998604139954
2000,30311.355015675763,1.5,fibonacci,0.001719145335567215,0.9999998466654285
2000,31501.247957553278,1.5,fibonacci,0.0017840350047247046,0.9999998317273531
2000,32737.85095948577,1.5,fibonacci,0.0018428355686333359,0.9999998144945701
2000,34022.997656780644,1.5,fibonacci,0.0015597794402745812,0.9999997977670972
2000,35358.59366535176,1.5,fibonacci,0.0015719313282251586,0.999999777627332
2000,36746.61940736688,1.5,fibonacci,0.001475363508726358,0.9999997584324465
2000,38189.13304781854,1.5,fibonacci,0.0014717708913086149,0.9999997373374697
2000,39688.27354637158,1.5,fibonacci,0.0014145967906897807,0.9999997143130669
2000,41246.26382901348,1.5,fibonacci,0.0013913829823556344,0.9999996896906282
2000,42865.41408420925,1.5,fibonacci,0.0014278278831437246,0.9999996639981525
2000,44548.125188449885,1.5,fibonacci,0.0014480976295744763,0.9999996368507552
2000,46296.892266272676,1.5,fibonacci,0.0013480826806750994,0.9999996082136036
2000,48114.308390032544,1.5,fibonacci,0.001658602077308734,0.9999995801996996
2000,50003.068424910896,1.5,fibonacci,0.0014660649046973166,0.999999549859962
2000,51965.973024861974,1.5,fibonacci,0.0013483378398478796,0.999999517959343
2000,54005.93278542374,1.5,fibonacci,0.0013477721967790656,0.9999994854384775
2000,56125.97255954966,1.5,fibonacci,0.0013686187753478127,0.9999994503391938
2000,58329.235942862004,1.5,fibonacci,0.0014441923367223574,0.9999994153635403
2000,60618.989934975725,1.5,fibonacci,0.001422358653242734,0.9999993775209993
2000,62998.62978380693,1.5,fibonacci,0.0013182921407764333,0.999999338055005
2000,65471.684020047294,1.5,fibonacci,0.0012201404349855898,0.999999295247808
2000,68041.81968927094,1.5,fibonacci,0.0013461778950859158,0.9999992519449307
2000,70712.84778942996,1.5,fibonacci,0.001260837530709826,0.9999992051072641
2000,73488.72892180388,1.5,fibonacci,0.0012927785587810595,0.9999991575666866
2000,76373.57916378012,1.5,fibonacci,0.0012724776305239628,0.9999991065121476
2000,79371.67617217543,1.5,fibonacci,0.0011809280897216716,0.9999990542706851
2000,82487.46552614581,1.5,fibonacci,0.0012957390491914916,0.9999989997025607
2000,85725.56731909324,1.5,fibonacci,0.0013357940842038658,0.9999989408648331
2000,89090.78300934125,1.5,fibonacci,0.001271674853007473,0.9999988820650336
2000,92588.10253973946,1.5,fibonacci,0.0012362039430601991,0.9999988198321552
2000,96222.71173675134,1.5,fibonacci,0.0012869451945646889,0.9999987555211526
2000,100000.0,1.5,fibonacci,0.0011898962008537307,0.999998687990413
2000,0.0,1.5,tribonacci,0.0483982089007412,1.0
2000,1.0,1.5,tribonacci,0.0483567343817958,0.9999999999844328
2000,1.0392556829367126,1.5,tribonacci,0.04835037192497576,0.9999999999752619
2000,1.080052374516253,1.5,tribonacci,0.0483430829654186,0.9999999999782313
2000,1.1224505680853065,1.5,tribonacci,0.04833474487360795,0.9999999999933601
2000,1.1665131316981963,1.5,tribonacci,0.04832522181340697,0.999999999999997
2000,1.2123054013376524,1.5,tribonacci,0.048314364145167626,1.0000000000005194
2000,1.2598952777950274,1.5,tribonacci,0.04830200795203825,0.999999999999347
2000,1.3093533273536104,1.5,tribonacci,0.04828797484418412,1.0000000000013602
2000,1.3607528864243335,1.5,tribonacci,0.04827207213167556,1.0000000000097042
2000,1.4141701702890235,1.5,tribonacci,0.048254093456486034,1.0000000000195284
2000,1.4696843861124462,1.5,tribonacci,0.04823382001787028,1.0000000000194411
2000,1.5273778503907136,1.5,tribonacci,0.04821102253295802,1.0000000000014346
2000,1.587336111010209,1.5,tribonacci,0.04818546408594765,0.999999999974552
2000,1.6496480740980204,1.5,tribonacci,0.04815690402316004,0.9999999999680285
2000,1.7144061358519709,1.5,tribonacci,0.04812510304173769,0.9999999999955085
2000,1.7817063195457306,1.5,tribonacci,0.04808982963913319,1.0000000000006222
2000,1.8516484179121548,1.5,tribonacci,0.048050868251989245,0.9999999999989162
2000,1.9243361411159798,1.5,tribonacci,0.04800802887939587,1.0000000000060747
2000,1.9998772705352856,1.5,tribonacci,0.04796115851631471,1.0000000000236136
2000,2.0783838185797574,1.5,tribonacci,0.04791015431053525,1.0000000000207776
2000,2.159972194782718,1.5,tribonacci,0.04785497834049185,0.9999999999808303
2000,2.2447633784132237,1.5,tribonacci,0.047795673810693426,0.999999999958927
2000,2.332883097864157,1.5,tribonacci,0.047732382301710174,0.9999999999988176
2000,2.424462017082328,1.5,tribonacci,0.04766536149061249,0.9999999999995162
2000,2.519635929317015,1.5,tribonacci,0.0475950025793257,1.0000000000043365
2000,2.618545958474233,1.5,tribonacci,0.04752184653035666,1.0000000000312996
2000,2.7213387683753076,1.5,tribonacci,0.04744659807446711,1.0000000000123186
2000,2.8281667802300325,1.5,tribonacci,0.04737013592218487,0.9999999999507831
2000,2.9391883986468863,1.5,tribonacci,0.047293518329663976,0.9999999999932535
2000,3.0545682465154322,1.5,tribonacci,0.04721798359436631,0.9999999999985465
2000,3.1744774091091927,1.5,tribonacci,0.047144943536256874,1.000000000012142
2000,3.29909368777094,1.5,tribonacci,0.0470759722566463,1.0000000000292684
2000,3.428601863556586,1.5,tribonacci,0.04701279093823281,0.9999999999566296
2000,3.563193971228585,1.5,tribonacci,0.04695725122619231,0.9999999999927751
2000,3.70306958400514,1.5,tribonacci,0.04691132391742414,0.9999999999972746
2000,3.84843610948743,1.5,tribonacci,0.046877093542869,1.0000000000249047
2000,3.9995090972036644,1.5,tribonacci,0.046856764533141616,0.9999999999854234
2000,4.156512558225989,1.5,tribonacci,0.046852673187742826,0.9999999999770756
2000,4.319679297334174,1.5,tribonacci,0.04686729428094794,0.9999999999966986
2000,4.489251258218605,1.5,tribonacci,0.046903213603112,1.000000000032554
2000,4.6654798822344725,1.5,tribonacci,0.04696302336784018,0.9999999999534793
2000,4.848626481239081,1.5,tribonacci,0.04704908337634571,0.9999999999984087
2000,5.0389626250651505,1.5,tribonacci,0.04716309058582476,1.0000000000181724
2000,5.236770544204653,1.5,tribonacci,0.04730541458318043,0.9999999999997352
2000,5.442343548300267,1.5,tribonacci,0.047474208502187934,0.9999999999859351
2000,5.655986461065005,1.5,tribonacci,0.04766438086058248,1.0000000000046125
2000,5.878016072274912,1.5,tribonacci,0.047866619879062135,0.9999999999845889
2000,6.108761607505037,1.5,tribonacci,0.048066773425063714,0.9999999999955004
2000,6.348565216305217,1.5,tribonacci,0.048245973898145174,1.0000000000140188
2000,6.597782479539538,1.5,tribonacci,0.0483819120147321,0.9999999999859003
2000,6.85678293664174,1.5,tribonacci,0.048451543213106824,1.0000000000118099
2000,7.125950633568409,1.5,tribonacci,0.04843520142439976,0.9999999999563983
2000,7.405684692262437,1.5,tribonacci,0.04832159952790585,1.0000000000050469
2000,7.696399902471157,1.5,tribonacci,0.0481126077929152,0.9999999999346857
2000,7.99852733679671,1.5,tribonacci,0.047826284884713854,0.9999999999979332
2000,8.31251498989063,1.5,tribonacci,0.04749669156004529,0.9999999999440705
2000,8.638828442740447,1.5,tribonacci,0.04716984245806127,1.0000000000051648
2000,8.97795155303332,1.5,tribonacci,0.046896695374384845,0.9999999999803889
2000,9.330387172620362,1.5,tribonacci,0.046725699099157914,1.0000000000170468
2000,9.69665789314552,1.5,tribonacci,0.04669761184779007,0.9999999999919821
2000,10.077306820944612,1.5,tribonacci,0.04684254497734727,0.9999999999429089
2000,10.472898382363585,1.5,tribonacci,0.04717449119108313,1.0000000000238225
2000,10.88401916069006,1.5,tribonacci,0.04767723655280657,0.9999999999909269
2000,11.311278765939214,1.5,tribonacci,0.04828323312595938,0.9999999999544114
2000,11.755310738783693,1.5,tribonacci,0.04886114930605209,0.9999999999875631
2000,12.216773489967919,1.5,tribonacci,0.049235330579076725,1.0000000000156175
2000,12.696351276599735,1.5,tribonacci,0.049248197899245075,0.9999999999981883
2000,13.19475521676706,1.5,tribonacci,0.04884434790235708,0.9999999999883471
2000,13.712724343984002,1.5,tribonacci,0.04812269583586535,0.9999999999895015
2000,14.251026703029977,1.5,tribonacci,0.04730798669800735,0.9999999999884205
2000,14.810460488806747,1.5,tribonacci,0.046654675605302995,0.9999999999881727
2000,15.391855229902054,1.5,tribonacci,0.04635868354047446,0.9999999999884053
2000,15.99607301861487,1.5,tribonacci,0.04651697688739886,0.999999999988177
2000,16.62400978926612,1.5,tribonacci,0.0470772471128458,0.9999999999860206
2000,17.276596646690354,1.5,tribonacci,0.04776715673478742,0.9999999999950968
2000,17.95480124687831,1.5,tribonacci,0.04816746113593582,1.0000000000142542
2000,18.65962923181746,1.5,tribonacci,0.04801831825624044,0.9999999999399746
2000,19.3921257206583,1.5,tribonacci,0.04748574098771455,0.9999999999852779
2000,20.15337685941733,1.5,tribonacci,0.04704010396473626,1.0000000000064537
2000,20.944511431514698,1.5,tribonacci,0.04707892584911531,0.9999999999438143
2000,21.76670253153459,1.5,tribonacci,0.04767200180628229,0.9999999999873509
2000,22.621169304690252,1.5,tribonacci,0.048411117960747596,0.9999999999470021
2000,23.50917875457287,1.5,tribonacci,0.0485553462534454,1.0000000000062919
2000,24.43204762186488,1.5,tribonacci,0.04782291207511698,0.9999999999821672
2000,25.39114433680347,1.5,tribonacci,0.046873764268532285,0.9999999999461558
2000,26.387891048289333,1.5,tribonacci,0.04660822991950778,0.9999999999907003
2000,27.423765732649496,1.5,tribonacci,0.04725798750885495,1.0000000000030407
2000,28.500304385181067,1.5,tribonacci,0.04801771401763065,0.9999999999971146
2000,29.619103297725534,1.5,tribonacci,0.0477471219541853,0.9999999999965814
2000,30.781821425650786,1.5,tribonacci,0.04671273036111425,1.0000000000011036
2000,31.99018284775064,1.5,tribonacci,0.04644451003421977,0.9999999999848554
2000,33.2459793227094,1.5,tribonacci,0.04757619742195844,0.9999999999410482
2000,34.55107294592218,1.5,tribonacci,0.04867768763845152,0.999999999974679
2000,35.90739891061053,1.5,tribonacci,0.047768055742919924,0.9999999999692823
2000,37.31696837732752,1.5,tribonacci,0.0463087802115697,0.9999999999723234
2000,38.78187145610722,1.5,tribonacci,0.0466941953051828,0.9999999999267496
2000,40.30428030568051,1.5,tribonacci,0.04783445851954252,1.0000000000014995
2000,41.88645235435271,1.5,tribonacci,0.046936438346513995,0.9999999999803095
2000,43.5307336473189,1.5,tribonacci,0.04636059211621339,0.9999999999724541
2000,45.23956232538053,1.5,tribonacci,0.04799737682701526,0.9999999999819916
2000,47.01547224022132,1.5,tribonacci,0.04780194170267025,0.9999999999875436
2000,48.86109671160326,1.5,tribonacci,0.046224070219189985,0.9999999999471747
2000,50.77917243205401,1.5,tribonacci,0.047482532382919745,0.9999999999855177
2000,52.77254352483538,1.5,tribonacci,0.04714727181138342,0.9999999999610474
2000,54.84416576121018,1.5,tribonacci,0.04632954522778675,0.999999999914721
2000,56.99711094326075,1.5,tribonacci,0.04870323787721723,0.9999999999357162
2000,59.234571458758026,1.5,tribonacci,0.046556364473965293,0.9999999999083603
2000,61.559865014835076,1.5,tribonacci,0.04738407287499376,0.9999999999540283
2000,63.97643955748427,1.5,tribonacci,0.047540872209745025,0.999999999985756
2000,66.48787838417263,1.5,tribonacci,0.046089958255501044,0.9999999999489719
2000,69.09790545715641,1.5,tribonacci,0.0497925896637072,0.9999999998878237
2000,71.8103909253735,1.5,tribonacci,0.04525315595162429,0.9999999999089776
2000,74.62935686310134,1.5,tribonacci,0.049346173521159754,0.9999999998912518
2000,77.55898323389002,1.5,tribonacci,0.0454703918690421,0.9999999999359966
2000,80.60361408861341,1.5,tribonacci,0.04870727431470887,0.9999999998612048
2000,83.76776400682915,1.5,tribonacci,0.04658894557748587,0.9999999998936263
2000,87.05612479099861,1.5,tribonacci,0.0457755281353441,0.9999999998557626
2000,90.47357242349293,1.5,tribonacci,0.04900690811531378,0.9999999999188224
2000,94.02517429670132,1.5,tribonacci,0.04459797705611408,0.9999999998803855
2000,97.71619672696177,1.5,tribonacci,0.04721136332357596,0.9999999998406025
2000,101.5521127634568,1.5,tribonacci,0.04803331185940799,0.9999999999076713
2000,105.5386103036523,1.5,tribonacci,0.044238478059358294,0.9999999998608459
2000,109.68160052731379,1.5,tribonacci,0.04515751629793648,0.9999999999447766
2000,113.98722666160513,1.5,tribonacci,0.04886445657798091,0.9999999998229113
2000,118.46187309026836,1.5,tribonacci,0.048442541400098536,0.9999999998916349
2000,123.11217482038896,1.5,tribonacci,0.04552807948481439,0.999999999874051
2000,127.94502732078735,1.5,tribonacci,0.043783207246938696,0.9999999999313545
2000,132.96759674662113,1.5,tribonacci,0.043240579539759925,0.9999999998600576
2000,138.18733056536323,1.5,tribonacci,0.04372809583133838,0.9999999998487241
2000,143.61196859990787,1.5,tribonacci,0.04367913554848494,0.9999999997780477
2000,149.2495545051829,1.5,tribonacci,0.04356120954158335,0.999999999794973
2000,155.10844769528404,1.5,tribonacci,0.04271198414060423,0.9999999998201983
2000,161.1973357388157,1.5,tribonacci,0.04206173084942783,0.9999999997684234
2000,167.52524724082156,1.5,tribonacci,0.04241777590510888,0.9999999998845398
2000,174.10156523040155,1.5,tribonacci,0.045958738481867316,0.9999999998549426
2000,180.93604107387165,1.5,tribonacci,0.05032993415460392,0.9999999997608869
2000,188.03880893409146,1.5,tribonacci,0.044285940440855064,0.9999999997353898
2000,195.42040079740534,1.5,tribonacci,0.041102654440630035,0.9999999997141003
2000,203.09176209047348,1.5,tribonacci,0.05043785192892381,0.9999999997711008
2000,211.06426791015548,1.5,tribonacci,0.0411880225425911,0.9999999997693396
2000,219.3497398905058,1.5,tribonacci,0.047799674112648294,0.9999999997591015
2000,227.960463731898,1.5,tribonacci,0.03973519949602841,0.9999999996144732
2000,236.9092074182632,1.5,tribonacci,0.05128788318323803,0.9999999997380866
2000,246.20924014946254,1.5,tribonacci,0.03910244729214952,0.999999999369364
2000,255.87435201685864,1.5,tribonacci,0.03890863350950342,0.9999999992899133
2000,265.91887445126935,1.5,tribonacci,0.04790524956344746,0.9999999994414676
2000,276.35770147361575,1.5,tribonacci,0.05134589259198676,0.9999999990897765
2000,287.2063117797828,1.5,tribonacci,0.04849049393742177,0.99999999932536
2000,298.48079169243243,1.5,tribonacci,0.049590950618685584,0.9999999995765684
2000,310.1978590138097,1.5,tribonacci,0.05236118474575521,0.9999999989915326
2000,322.37488781490305,1.5,tribonacci,0.047074076148098214,0.9999999978739484
2000,335.029934197723,1.5,tribonacci,0.029016401058903005,0.9999999971628968
2000,348.18176306889666,1.5,tribonacci,0.03279256037180157,0.9999999975437366
2000,361.84987596427464,1.5,tribonacci,0.03502348850311721,0.9999999968335878
2000,376.0545399658172,1.5,tribonacci,0.03293828129616722,0.9999999956593844
2000,390.8168177536264,1.5,tribonacci,0.03810606433322273,0.9999999953983584
2000,406.158598837698,1.5,tribonacci,0.0268865508087698,0.9999999942186881
2000,422.10263201568984,1.5,tribonacci,0.027754235496522745,0.9999999947096273
2000,438.6725591048499,1.5,tribonacci,0.028010568788076205,0.9999999934118406
2000,455.89294999810596,1.5,tribonacci,0.0252630565918039,0.9999999936655386
2000,473.7893390963144,1.5,tribonacci,0.022312287366131237,0.9999999913972267
2000,492.38826317067367,1.5,tribonacci,0.02163132912157902,0.999999992575996
2000,511.7173007114605,1.5,tribonacci,0.02300480506866482,0.9999999919917866
2000,531.8051128214197,1.5,tribonacci,0.02323755147376304,0.9999999915002241
2000,552.6814857144603,1.5,tribonacci,0.02173039804274356,0.9999999903562719
2000,574.3773748826582,1.5,tribonacci,0.023124005446954813,0.9999999888405349
2000,596.9249509970733,1.5,tribonacci,0.019039788620240743,0.9999999885651872
2000,620.3576476104269,1.5,tribonacci,0.01978834662000862,0.9999999867872843
2000,644.7102107323869,1.5,tribonacci,0.01994829578919166,0.9999999884931104
2000,670.0187503509584,1.5,tribonacci,0.026336891233513328,0.9999999867429347
2000,696.3207939763884,1.5,tribonacci,0.03884774888160761,0.9999999864511214
2000,723.6553422869657,1.5,tribonacci,0.025154938742386196,0.9999999849248355
2000,752.0629269592407,1.5,tribonacci,0.022213050799823664,0.9999999836536798
2000,781.585670768409,1.5,tribonacci,0.022779463215717954,0.9999999840259156
2000,812.2673500479711,1.5,tribonacci,0.024297547635376934,0.9999999805778516
2000,844.1534596012984,1.5,tribonacci,0.027712763613112028,0.9999999818792189
2000,877.2912801613356,1.5,tribonacci,0.02934617068862628,0.9999999799018732
2000,911.7299484984921,1.5,tribonacci,0.02250907983326553,0.9999999773953986
2000,947.5205302806538,1.5,tribonacci,0.02133544245541026,0.9999999777641374
2000,984.7160957933775,1.5,tribonacci,0.01975851141936896,0.9999999774070379
2000,1023.3717986325192,1.5,tribonacci,0.02628821923463461,0.9999999751777325
2000,1063.5449574860113,1.5,tribonacci,0.025719005022415642,0.999999973803004
2000,1105.295141126021,1.5,tribonacci,0.020251488127968193,0.9999999712033809
2000,1148.6842567375536,1.5,tribonacci,0.01821883323010175,0.9999999704690089
2000,1193.7766417144358,1.5,tribonacci,0.020713023788619413,0.9999999678717462
2000,1240.6391590588319,1.5,tribonacci,0.025413378484459747,0.9999999671656029
2000,1289.3412965257144,1.5,tribonacci,0.025878028344813148,0.9999999646469693
2000,1339.9552696593385,1.5,tribonacci,0.021074907097088275,0.9999999635723078
2000,1392.5561288744618,1.5,tribonacci,0.018591672682187584,0.9999999628345669
2000,1447.2218707411344,1.5,tribonacci,0.022102014482768106,0.9999999582546978
2000,1504.0335536380237,1.5,tribonacci,0.02310269470549798,0.9999999573231038
2000,1563.0754179458158,1.5,tribonacci,0.023786338012044668,0.9999999543294542
2000,1624.4350109588654,1.5,tribonacci,0.02227304884273544,0.9999999547828119
2000,1688.2033167003628,1.5,tribonacci,0.019478118655215714,0.999999951859837
2000,1754.4748908334598,1.5,tribonacci,0.028223424799557608,0.9999999496630606
2000,1823.3480008684405,1.5,tribonacci,0.02070493964723139,0.9999999482734504
2000,1894.9247718738216,1.5,tribonacci,0.018551803577948767,0.9999999441217071
2000,1969.3113379074218,1.5,tribonacci,0.018565631776310054,0.9999999420815251
2000,2046.6179993919898,1.5,tribonacci,0.020065340707542026,0.9999999390258204
2000,2126.9593866686896,1.5,tribonacci,0.023006564428414405,0.9999999360231181
2000,2210.4546299710214,1.5,tribonacci,0.01831308529123265,0.9999999310943876
2000,2297.227536071151,1.5,tribonacci,0.021272476045278394,0.9999999281455684
2000,2387.406771860647,1.5,tribonacci,0.020136678440859562,0.9999999257549043
2000,2481.1260551377677,1.5,tribonacci,0.020604653292714808,0.9999999226568023
2000,2578.524352884274,1.5,tribonacci,0.020164677630741142,0.9999999170375585
2000,2679.7460873256896,1.5,tribonacci,0.019316658944410384,0.9999999153407563
2000,2784.941350080644,1.5,tribonacci,0.016492963741052184,0.9999999099799183
2000,2894.266124716749,1.5,tribonacci,0.013284980146593517,0.9999999080163688
2000,3007.882518043099,1.5,tribonacci,0.017707503883496647,0.9999999040270344
2000,3125.959000482278,1.5,tribonacci,0.01770999976700358,0.9999999017930613
2000,3248.670655878375,1.5,tribonacci,0.015230832456042082,0.999999897592858
2000,3376.1994411113365,1.5,tribonacci,0.014632645854556241,0.9999998924829193
2000,3508.7344559027115,1.5,tribonacci,0.01310830707639315,0.9999998879025624
2000,3646.472223212745,1.5,tribonacci,0.015996815530429802,0.9999998824572319
2000,3789.616980644716,1.5,tribonacci,0.015046925482710511,0.9999998796086453
2000,3938.380983288489,1.5,tribonacci,0.016474004606283957,0.9999998744698587
2000,4092.984818452438,1.5,tribonacci,0.015009432090981134,0.9999998692465277
2000,4253.657732750387,1.5,tribonacci,0.01436391450746892,0.9999998650888251
2000,4420.63797202853,1.5,tribonacci,0.013124744084399644,0.9999998593882586
2000,4594.173134636477,1.5,tribonacci,0.013469517406815588,0.9999998541050468
2000,4774.520538566127,1.5,tribonacci,0.015776672231259364,0.9999998488703477
2000,4961.947603002903,1.5,tribonacci,0.013592290835561245,0.9999998414725981
2000,5156.732244854963,1.5,tribonacci,0.013729082461954818,0.9999998356379167
2000,5359.163290848514,1.5,tribonacci,0.013306219530671423,0.9999998295959065
2000,5569.5409058001305,1.5,tribonacci,0.01261966680847733,0.9999998241292357
2000,5788.1770377012745,1.5,tribonacci,0.011879533711715441,0.9999998163628749
2000,6015.395880274833,1.5,tribonacci,0.014074033079825014,0.999999809098839
2000,6251.534353689712,1.5,tribonacci,0.013262152030239342,0.9999998022180463
2000,6496.942604146118,1.5,tribonacci,0.012383868576188253,0.9999997941912034
2000,6751.984523072501,1.5,tribonacci,0.01188504566111128,0.9999997865712713
2000,7017.038286703822,1.5,tribonacci,0.012350565859359786,0.999999778257134
2000,7292.4969168414445,1.5,tribonacci,0.012250140724912241,0.9999997689558002
2000,7578.768863625922,1.5,tribonacci,0.010548938399883039,0.999999761822364
2000,7876.278611187055,1.5,tribonacci,0.01138303710990326,0.9999997540214994
2000,8185.4673070690205,1.5,tribonacci,0.010825000843264281,0.9999997442930657
2000,8506.793416364153,1.5,tribonacci,0.014664974617725157,0.9999997353584288
2000,8840.733401525064,1.5,tribonacci,0.010596406132775269,0.9999997241571511
2000,9187.782428863331,1.5,tribonacci,0.0110313036495153,0.99999971458148
2000,9548.455102782293,1.5,tribonacci,0.010673308177549827,0.9999997024892102
2000,9923.286228832545,1.5,tribonacci,0.010878954243983562,0.9999996946996296
2000,10312.831606721847,1.5,tribonacci,0.0091732642078481,0.9999996823034301
2000,10717.668854455034,1.5,tribonacci,0.0088266671807408,0.9999996705968291
2000,11138.398264826183,1.5,tribonacci,0.009902302897050944,0.999999657065021
2000,11575.643695533035,1.5,tribonacci,0.00860703151090762,0.9999996464254314
2000,12030.053494233242,1.5,tribonacci,0.008497938100350474,0.999999632898465
2000,12502.30145991456,1.5,tribonacci,0.007529775047700577,0.9999996192723312
2000,12993.087842004144,1.5,tribonacci,0.008865891445460706,0.9999996080300517
2000,13503.140378698721,1.5,tribonacci,0.008211282313153651,0.9999995937125243
2000,14033.215376054846,1.5,tribonacci,0.008248243380953077,0.9999995786046934
2000,14584.098829439863,1.5,tribonacci,0.007024574717692006,0.9999995644170195
2000,15156.607589006013,1.5,tribonacci,0.007785497346785655,0.9999995523067895
2000,15751.590570916213,1.5,tribonacci,0.0066374289204192164,0.9999995371007673
2000,16369.93001611702,1.5,tribonacci,0.006373892067323062,0.9999995202912928
2000,17012.54279852589,1.5,tribonacci,0.006665710232098567,0.9999995041718146
2000,17680.38178457205,1.5,tribonacci,0.006459582113710165,0.9999994887498982
2000,18374.43724610725,1.5,tribonacci,0.006229367829719551,0.9999994724125085
2000,19095.738328780968,1.5,tribonacci,0.005272824108814555,0.9999994566543229
2000,19845.35457805803,1.5,tribonacci,0.005256322248817228,0.999999438526358
2000,20624.397525140925,1.5,tribonacci,0.005107356162537609,0.9999994208612017
2000,21434.022335148544,1.5,tribonacci,0.00541190371455723,0.9999994034048009
2000,22275.429519995563,1.5,tribonacci,0.00404564131976796,0.9999993866138748
2000,23149.86671851161,1.5,tribonacci,0.004635595270173187,0.9999993663927107
2000,24058.63054644067,1.5,tribonacci,0.004797082194872909,0.9999993475685692
2000,25003.068519063214,1.5,tribonacci,0.004538707779656353,0.9999993279818965
2000,25984.581049292472,1.5,tribonacci,0.0038860868351809517,0.9999993080538062
2000,27004.62352420682,1.5,tribonacci,0.004204345908566638,0.9999992853275239
2000,28064.708463098388,1.5,tribonacci,0.004144537677621036,0.9999992632648428
2000,29166.40776023701,1.5,tribonacci,0.0036073086386647205,0.9999992394724586
2000,30311.355015675763,1.5,tribonacci,0.003953277262243356,0.9999992192522061
2000,31501.247957553278,1.5,tribonacci,0.0032964523939725595,0.999999195788601
2000,32737.85095948577,1.5,tribonacci,0.0039338171092419385,0.9999991726199288
2000,34022.997656780644,1.5,tribonacci,0.0032233118878401508,0.9999991484547887
2000,35358.59366535176,1.5,tribonacci,0.003284029178783193,0.9999991222315404
2000,36746.61940736688,1.5,tribonacci,0.0032895326684382153,0.9999990983764354
2000,38189.13304781854,1.5,tribonacci,0.0030572202252141735,0.9999990722957406
2000,39688.27354637158,1.5,tribonacci,0.0031560715225987706,0.9999990455298376
2000,41246.26382901348,1.5,tribonacci,0.0032151332459577583,0.9999990186082927
2000,42865.41408420925,1.5,tribonacci,0.0029007690392897348,0.9999989908356894
2000,44548.125188449885,1.5,tribonacci,0.0025252434847032753,0.9999989620217438
2000,46296.892266272676,1.5,tribonacci,0.0025013980678448644,0.9999989336724135
2000,48114.308390032544,1.5,tribonacci,0.0023681760716403907,0.9999989014926014
2000,50003.068424910896,1.5,tribonacci,0.0025626823209172625,0.9999988701474197
2000,51965.973024861974,1.5,tribonacci,0.0023274532166759052,0.9999988363278797
2000,54005.93278542374,1.5,tribonacci,0.002225979521982995,0.9999988034877038
2000,56125.97255954966,1.5,tribonacci,0.0022869965502170225,0.9999987683716614
2000,58329.235942862004,1.5,tribonacci,0.002111477026852716,0.9999987338582166
2000,60618.989934975725,1.5,tribonacci,0.002088542682525756,0.999998696241779
2000,62998.62978380693,1.5,tribonacci,0.0021425630560455962,0.9999986582069343
2000,65471.684020047294,1.5,tribonacci,0.002166128437577931,0.9999986159402983
2000,68041.81968927094,1.5,tribonacci,0.0020321426397537515,0.999998574202394
2000,70712.84778942996,1.5,tribonacci,0.0022580831854559953,0.9999985310682316
2000,73488.72892180388,1.5,tribonacci,0.0020636786695969874,0.9999984869275909
2000,76373.57916378012,1.5,tribonacci,0.0020257605204850255,0.9999984414252887
2000,79371.67617217543,1.5,tribonacci,0.0018072830984840603,0.9999983942374729
2000,82487.46552614581,1.5,tribonacci,0.0017791778900381797,0.9999983486055735
2000,85725.56731909324,1.5,tribonacci,0.0017575907220890859,0.9999982981773314
2000,89090.78300934125,1.5,tribonacci,0.0017722111758983593,0.999998246591193
2000,92588.10253973946,1.5,tribonacci,0.0016166723195851604,0.999998192449644
2000,96222.71173675134,1.5,tribonacci,0.0016097256499860587,0.999998138394824
2000,100000.0,1.5,tribonacci,0.0016443995775213282,0.9999980821715524
